{
  "sepal length (cm)": 0.11431289312293204,
  "sepal width (cm)": 0.013587744252223375,
  "petal length (cm)": 0.4315020821584969,
  "petal width (cm)": 0.4405972804663477
}